model,final_value,pnl
cheater,46475.208101436525,36475.208101436525
chronos_t5_large,14648.848980342373,4648.848980342373
chronos2,14396.810965194587,4396.810965194587
sarimax,13134.136207678483,3134.1362076784826
sarima,12549.10424469995,2549.104244699951
patchtst,11207.402106029627,1207.4021060296272
naive,10000.0,0.0
xgboost,10000.0,0.0
tft,9958.787317638353,-41.21268236164724
xgboost_diff,9933.636810186892,-66.36318981310797
moving_average,8746.513414837915,-1253.4865851620852
