,gold_usd,dollar_index,silver,oil,sp500,vix,bitcoin
gold_usd,1.0,0.08724330074737145,0.9220017085808686,0.3774157939971665,0.8761507430275595,-0.0672189165453755,0.8455584252719378
dollar_index,0.08724330074737145,1.0,-0.12579312510530336,-0.5648712138425827,0.3951351096273098,0.07117868778096763,0.32835322123195504
silver,0.9220017085808686,-0.12579312510530336,1.0,0.4913120817685972,0.6799108899890018,-0.08817734951266287,0.7023418278268694
oil,0.3774157939971665,-0.5648712138425827,0.4913120817685972,1.0,0.17994196613359897,-0.15668039305948,0.4147552628718111
sp500,0.8761507430275595,0.3951351096273098,0.6799108899890018,0.17994196613359897,1.0,-0.14884588880192642,0.9320051205000425
vix,-0.0672189165453755,0.07117868778096763,-0.08817734951266287,-0.15668039305948,-0.14884588880192642,1.0,0.047269901754588485
bitcoin,0.8455584252719378,0.32835322123195504,0.7023418278268694,0.4147552628718111,0.9320051205000425,0.047269901754588485,1.0
