,gold_usd,dollar_index,silver,oil,sp500,vix,bitcoin
gold_usd,1.0,-0.38439362936857585,0.7769373156119087,0.029526524075560848,0.043230325805163054,0.01683700649300178,0.08168029747674033
dollar_index,-0.38439362936857585,1.0,-0.320677741304633,-0.02279684294985988,-0.08625527437092971,0.021311148567956784,-0.07168984864809982
silver,0.7769373156119087,-0.320677741304633,1.0,0.05333873955201103,0.15825991902746855,-0.10056425592702474,0.10502654709244391
oil,0.029526524075560848,-0.02279684294985988,0.05333873955201103,1.0,0.13267888411344864,-0.09894372127750682,0.03061633170080396
sp500,0.043230325805163054,-0.08625527437092971,0.15825991902746855,0.13267888411344864,1.0,-0.7297451872338772,0.22590456745570492
vix,0.01683700649300178,0.021311148567956784,-0.10056425592702474,-0.09894372127750682,-0.7297451872338772,1.0,-0.18978035934181178
bitcoin,0.08168029747674033,-0.07168984864809982,0.10502654709244391,0.03061633170080396,0.22590456745570492,-0.18978035934181178,1.0
