model,horizon,mae,rmse,mase,smape,directional_accuracy
chronos_original,1,57.00872395833331,93.27220786125311,6.621990950306625,1.3119488249505769,1.0
chronos_original,10,190.37187398274742,251.3440936231528,22.11312127645669,4.383109120666431,0.8181818181818182
chronos_original,20,285.27855834960934,335.0530733943012,33.13724462747759,6.529734345914033,0.5454545454545454
chronos_original,complete,190.5602571614583,248.94235466715895,22.135003395858718,4.356792076005793,0.4309623430962343
