model,horizon,mae,rmse,mase,smape,directional_accuracy
chronos_original,1,57.00872395833335,93.27220786125312,6.621990950306629,1.311948824950578,1.0
chronos_original,10,190.37187398274742,251.3440936231528,22.11312127645669,4.383109120666431,0.8181818181818182
chronos_original,20,285.2785583496094,335.0530733943012,33.1372446274776,6.529734345914034,0.5454545454545454
chronos_original,complete,190.5602571614583,248.94235466715895,22.135003395858718,4.356792076005794,0.4309623430962343
