model,horizon,mae,rmse,mase,smape,directional_accuracy
chronos_bolt_base,1,64.0629724573206,108.93821882057009,7.44139483234492,1.4643487289861854,0.9090909090909091
chronos_bolt_base,10,199.03169533058448,251.49441609186505,23.119024489420408,4.574789521355489,0.8181818181818182
chronos_bolt_base,20,290.36922652633103,349.3802791012056,33.72856392488728,6.614622464655159,0.45454545454545453
chronos_bolt_base,complete,188.85177148889616,247.9219576042562,21.93654996843761,4.300887844996844,0.4309623430962343
