model,horizon,mae,rmse,mase,smape,directional_accuracy
chronos_t5_large,1,60.99723307291671,94.87658657149558,7.085286204578422,1.408908329908603,0.9090909090909091
chronos_t5_large,10,174.21520487467447,236.20401266394856,20.236402957012206,4.0465026995804525,0.8181818181818182
chronos_t5_large,20,247.50635681152332,298.1741381635938,28.749720062970983,5.74263484034686,0.7272727272727273
chronos_t5_large,complete,169.59880269368486,233.23921229947055,19.70017321280969,3.9042878977794784,0.4560669456066946
