model,horizon,mae,rmse,mase,smape,directional_accuracy
chronos_bolt,1,69.03366427951373,117.8411334241071,8.018777976149082,1.568647728599487,0.9090909090909091
chronos_bolt,10,192.39170102719902,248.41215358890918,22.34773933981343,4.489683357587999,0.7272727272727273
chronos_bolt,20,330.1939697265625,372.6165736804113,38.35450660101113,7.566614894766375,0.36363636363636365
chronos_bolt,complete,202.3911552146629,261.49394220228385,23.50925095662821,4.628889749595044,0.4309623430962343
