model,horizon,mae,rmse,mase,smape,directional_accuracy
moving_average,1,89.2396158854167,107.7717457332694,10.36585083423336,2.1371434812149213,1.0
moving_average,10,213.03877360026044,267.6136016202923,24.74605170739188,4.955259869146659,0.5454545454545454
moving_average,20,289.9753784179688,378.8600263196146,33.68281551256926,6.844480280546624,0.36363636363636365
moving_average,complete,214.7541666666667,287.2409653879423,24.945307480425203,4.966133901572862,0.4602510460251046
