model,horizon,mae,rmse,mase,smape,directional_accuracy
patchtst,1,311.1865953450521,331.8377426765518,36.10444123300542,7.345326380779537,0.36363636363636365
patchtst,10,354.17976666666664,391.7027109151615,41.092588057519485,8.393843536067555,0.36363636363636365
patchtst,20,530.9051625976564,595.5410044246561,61.596593587369135,12.406003149798392,0.2727272727272727
patchtst,complete,376.3701072395834,424.58904645608357,43.66715219087134,8.874192538805646,0.41841004184100417
