model,horizon,mae,rmse,mase,smape,directional_accuracy
patchtst,1,126.11870445963537,159.94371503595826,14.64963362811809,3.1873340706683515,0.9090909090909091
patchtst,10,262.423204654948,331.9830308663324,30.482423841755004,6.131057470534638,0.7272727272727273
patchtst,20,312.60796783854164,358.3389593188721,36.31176055674493,7.478390588409525,0.45454545454545453
patchtst,complete,251.13622916666662,317.5822122741265,29.171356967247167,5.95025938467208,0.4476987447698745
