model,horizon,mae,rmse,mase,smape,directional_accuracy
sarima,1,51.164983000353914,87.31260145660245,5.943196600025098,1.1833175770776334,1.0
sarima,10,202.787757084755,252.67303795271985,23.55531923902906,4.694016374031546,0.7272727272727273
sarima,20,278.6347617089462,335.45670571004416,32.365517807871804,6.41353984254189,0.5454545454545454
sarima,complete,189.53456815975173,248.60806267331768,22.015861923895685,4.338789886003213,0.4225941422594142
