model,horizon,mae,rmse,mase,smape,directional_accuracy
sarima,1,94.44413487979739,183.4562482141274,10.957582262785918,2.04814240373055,1.0
sarima,10,159.36507551648026,204.98985184254127,18.489829220305193,3.5669372689481125,0.9090909090909091
sarima,20,300.28007169750595,407.12623314787174,34.83904629639966,6.689332665626676,0.6363636363636364
sarima,complete,179.0903920325895,257.11713644723835,20.778396728068895,3.9693042468386692,0.4435146443514644
