model,horizon,mae,rmse,mase,smape,directional_accuracy
chronos2,1,39.9766845703125,46.27523286427863,3.8550871204147503,0.9473701275830863,0.9090909090909091
chronos2,10,139.199462890625,161.9884257352089,13.423475766592432,3.253151482663149,0.8181818181818182
chronos2,20,190.8167724609375,228.49259494679038,18.40110779020317,4.393862782294648,0.7272727272727273
chronos2,complete,119.6054453531901,161.8376180360432,11.53395827764486,2.7407358280568,0.5690376569037657
