model,horizon,mae,rmse,mase,smape,directional_accuracy
moving_average,1,89.2396158854167,107.7717457332694,8.605678473049528,2.1371434812149213,1.0
moving_average,10,213.03877360026044,267.6136016202923,20.544050640588125,4.955259869146659,0.5454545454545454
moving_average,20,289.9753784179688,378.8600263196146,27.96330807799568,6.844480280546624,0.36363636363636365
moving_average,complete,214.7541666666667,287.2409653879423,20.709471805145192,4.966133901572862,0.4602510460251046
