model,horizon,mae,rmse,mase,smape,directional_accuracy
naive,1,50.324991861979164,85.43798725118995,4.853009449066888,1.169390223847318,1.0
naive,10,203.00004069010416,235.9662758166163,19.575981618276888,4.7614971748036465,0.7272727272727273
naive,20,266.52496337890625,323.91744069852615,25.701905113813762,6.297719817803762,0.0
naive,complete,186.03919881184896,237.4071250824111,17.940390178440246,4.31879725396709,0.4100418410041841
