model,horizon,mae,rmse,mase,smape,directional_accuracy
sarimax,1,40.3677318611437,53.09019936849209,3.8927971354037365,0.9416799612354455,1.0
sarimax,10,159.0243479958085,195.5193191342985,15.335256597198159,3.7043357927284872,0.9090909090909091
sarimax,20,273.98249207990017,335.9029158508582,26.421059870000693,6.069135797742059,0.5454545454545454
sarimax,complete,145.07937637331855,206.8303315950849,13.990495742859258,3.2947848938016415,0.5899581589958159
