model,horizon,mae,rmse,mase,smape,directional_accuracy
tft,1,101.12601725260417,138.7709099389925,9.751924423939458,2.4209929197365603,0.8181818181818182
tft,10,225.08943684895834,291.00684014562216,21.706136921175037,5.321399975574936,0.6363636363636364
tft,20,293.3063557942708,431.28676310997554,28.28452551060166,6.98400372370114,0.5454545454545454
tft,complete,224.84588012695312,333.38175742883317,21.682649921385416,5.269978636869005,0.48535564853556484
