model,horizon,mae,rmse,mase,smape,directional_accuracy
tft,1,215.11186201171873,284.1282237530125,20.70515728355984,4.9770144249527215,0.5454545454545454
tft,10,279.9817166666666,345.3542333356682,26.949073965008076,6.48452814467327,0.45454545454545453
tft,20,380.05681298828125,515.716509191645,36.58159999183197,8.722280091562157,0.45454545454545453
tft,complete,282.3062921614583,368.79904020348937,27.172821278554874,6.501059638292225,0.4309623430962343
