model,horizon,mae,rmse,mase,smape,directional_accuracy
tft,1,101.1260786783854,138.77095283486787,9.751930347435632,2.420994265808502,0.8181818181818182
tft,10,225.0894205403646,291.0068436415388,21.706135348482096,5.3213996247381665,0.6363636363636364
tft,20,293.3063343098958,431.28676211874296,28.2845234387906,6.984003320263196,0.5454545454545454
tft,complete,224.84588828450524,333.3817607735548,21.682650708045802,5.269978842520902,0.48535564853556484
