model,horizon,mae,rmse,mase,smape,directional_accuracy
xgboost,1,1568.1917724609375,1618.8374977832402,150.9431278960308,45.26579552093222,0.18181818181818182
xgboost,10,1657.394755045573,1711.0813298936957,159.5291806004461,47.46626825844851,0.45454545454545453
xgboost,20,1685.706807454427,1751.8574686887443,162.25429995306357,48.00530604317566,0.36363636363636365
xgboost,complete,1647.4330688476562,1701.8893395477717,158.5703386397638,47.201835177907725,0.4435146443514644
