model,horizon,mae,rmse,mase,smape,directional_accuracy
xgboost,1,1565.5181884765625,1625.787375369212,150.968222353609,45.145412868023676,0.2727272727272727
xgboost,10,1596.700459798177,1647.2423949663653,153.97523441199527,46.25343229718302,0.18181818181818182
xgboost,20,1674.7178955078125,1732.0802672778593,161.49872003379582,47.914012395391445,0.45454545454545453
xgboost,complete,1625.1470438639324,1682.7292266447241,156.7184348807287,46.745797259963936,0.4351464435146444
