model,horizon,mae,rmse,mase,smape,directional_accuracy
xgboost_diff,1,48.06063181797705,71.87991567686296,4.634649539148372,1.1406045715137691,0.9090909090909091
xgboost_diff,10,206.50560613823131,251.99469448982464,19.914035170093488,5.065157131450927,0.6363636363636364
xgboost_diff,20,325.7737585570188,430.84258869085323,31.4154671474411,8.045684835177902,0.45454545454545453
xgboost_diff,complete,206.75770937531394,273.9980962967431,19.93834633928469,5.008770992718106,0.45188284518828453
